{
  "name": "custom.remote.python.metricfilter",
  "metricGroup": "tech.extension",
  "version": "5.1",
  "type": "python",
  "entity": "CUSTOM_DEVICE",
  "technologies": ["CustomMetric"],
  "favicon": "",
  "source": {
    "package": "metric-filter",
    "className": "MetricFilterPluginRemote",
    "install_requires": ["requests>=2.6.0","pandas", "numpy", "croniter"],
    "activation": "Remote"
  },
  "metrics": [
    {
      "entity": "CUSTOM_DEVICE",
      "timeseries": {
        "key": "metricfilter",
        "unit": "Count",
        "dimensions": ["app"],
        "displayname": "MetricFilter"
      }
    }
  ],
    "properties" : [
    {
      "key" : "metric",
      "type" : "string"
    },
    {
      "key" : "name",
      "type" : "string"
    },
    {
      "key" : "token",
      "type" : "string"
    },
    {
      "key" : "endpoint",
      "type" : "string"
    },
    {
      "key" : "schedule",
      "type" : "string"
    },
    {
      "key" : "tag",
      "type" : "string"
    },
    {
      "key" : "schedule2",
      "type" : "string"
    },
    {
      "key" : "tag2",
      "type" : "string"
    },
    {
      "key" : "timeframe",
      "type" : "string"
    },
    {
      "key": "type", 
      "type": "Dropdown", 
      "dropdownValues": [ "Metric", "USQL" ], "defaultValue": "Metric" 
    }
  ],
  "configUI": {
        "displayName": "ActiveGate Metric Filter Extension",
        "properties": [
                        {
                        "key" : "name",
                        "displayName" :  "Nombre Aplicacion",
                        "displayOrder" : 1,
                        "displayHint": "Ingrese el nombre de la aplicacion"
                        },
                        { 
                          "key": "type", 
                          "displayName": "Tipo de consulta",
                          "displayOrder" : 2
                        },
                        {
                          "key" : "metric",
                          "displayName" :  "Metrica/USQL APDEX",
                          "displayOrder" : 3,
                          "displayHint": "Ingrese la metrica o USQL a consultar. Ejemplo: calc:apps.web.sgi.sgiapdex"
                        },
                        {
                        "key" : "endpoint",
                        "displayName" :  "API Endpoint",
                        "displayOrder" : 4,
                        "displayHint": "URL del Tenant"
                        },
                        {
                          "key" : "token",
                          "displayName" :  "API Token",
                          "displayOrder" : 5,
                          "displayHint": "Scope: metrics.ingest + metrics.read (Metric) o DTAQLAccess (USQL)"
                        },
                        {
                        "key" : "schedule",
                        "displayName": "Schedule 1",
                        "displayOrder": 6,
                        "displayHint": "Formato Cron. Ejemplo: */10 * * * *"
                        },
                        {
                          "key" : "tag",
                          "displayName": "Tag Schedule 1",
                          "displayOrder": 7,
                          "displayHint": "Tag para identificar la dimension para el schedule 1"
                        },
                        {
                          "key" : "schedule2",
                          "displayName": "Schedule 2",
                          "displayOrder": 8,
                          "displayHint": "Formato Cron. Ejemplo: */10 * * * *."
                        },
                        {
                          "key" : "tag2",
                          "displayName": "Tag Schedule 2",
                          "displayOrder": 9,
                          "displayHint": "Tag para identificar la dimension para el schedule 2"
                        },
                        {
                          "key" : "timeframe",
                          "displayName": "(Opcional) Timeframe",
                          "displayOrder": 10,
                          "displayHint": "Formato Dynatrace. Default: now-1h"
                        }
          ]
    }
}
